twitter_username, twitter_displayName
cannabist, The Cannabist
leafly, Leafly
massroots, MassRoots
cannabisculture, Cannabis Culture
norml, NORML
LaganjaEstranja, Laganja Estranja
420Magazine, 420 Magazine
high_times_mag, High Times
cannabis_times, The Cannabis Times
Privateer_H, Privateer Holdings
PokeABowl, Poke A Bowl®
TheGreenDailyy, The Green Daily
PROHBTD, PRØHBTD
TheHeavyGrass, Heavy Grass
thatHighCouple_, That High Couple
ArendRox, TheGayStoner
RAWLIFE247, Raw Rolling Paper
SmokeCartel, Smoke Cartel
MarleyNatural, Marley Natural
Herbworthy, Herb
smokereports, Cannabis Reports
TokeOfTheTown, Toke of the Town
CelebStoner, CelebStoner
PotCulture, Pot Culture


